City_ID,City,Lat,Lng,Max Temp,Humidity,Cloudiness,Wind Speed,Country,Date
0,ciudad lazaro cardenas,17.9583,-102.2,31.42,66,83,5.68,MX,1689890272
1,papatowai,-46.5619,169.4708,5.97,69,10,8.75,NZ,1689890273
2,hamilton,39.1834,-84.5333,31.06,69,40,4.63,US,1689889590
3,margaret river,-33.95,115.0667,14.67,68,30,8.52,AU,1689890273
4,port-aux-francais,-49.35,70.2167,1.74,51,75,16.94,TF,1689890274
5,avarua,-21.2078,-159.775,23.03,53,75,6.17,CK,1689890274
6,tres arroyos,-38.3739,-60.2798,10.24,68,60,6.37,AR,1689890274
7,ushuaia,-54.8,-68.3,-0.19,86,75,2.57,AR,1689890274
8,invercargill,-46.4,168.35,3.98,78,6,3.7,NZ,1689890275
9,north bend,43.4065,-124.2243,25.13,68,100,5.66,US,1689890275
10,port mathurin,-19.6833,63.4167,23.27,69,7,7.73,MU,1689890275
11,fale old settlement,-9.3852,-171.2468,28.12,78,30,4.99,TK,1689890275
12,east london,-33.0153,27.9116,14.14,51,100,6.19,ZA,1689890276
13,albany,42.6001,-73.9662,29.24,49,34,0.45,US,1689889798
14,atafu village,-8.5421,-172.5159,28.4,77,24,5.53,TK,1689890276
15,bredasdorp,-34.5322,20.0403,7.72,81,0,2.84,ZA,1689890276
16,udachny,66.4167,112.4,16.8,56,81,0.31,RU,1689890277
17,port macquarie,-31.4333,152.9167,7.72,47,0,1.97,AU,1689890277
18,zhanibek,49.4167,46.85,18.83,51,1,2.02,KZ,1689890277
19,zmeinogorsk,51.1567,82.195,15.66,87,18,2.12,RU,1689890278
20,waitangi,-43.9535,-176.5597,7.68,94,84,1.34,NZ,1689890278
21,georgetown,5.4112,100.3354,27.96,83,40,2.57,MY,1689890017
22,edinburgh of the seven seas,-37.0676,-12.3116,11.7,58,38,10.96,SH,1689890279
23,nemuro,43.3236,145.575,14.99,91,1,3.44,JP,1689890279
24,la'ie,21.6477,-157.9253,30.98,74,61,7.81,US,1689890279
25,laguna,38.421,-121.4238,40.1,25,0,2.57,US,1689890280
26,nouadhibou,20.931,-17.0347,21.99,88,40,8.23,MR,1689890280
27,grytviken,-54.2811,-36.5092,-1.96,88,97,1.86,GS,1689890280
28,saipan,15.1355,145.701,29.25,100,0,4.63,MP,1689890280
29,iqaluit,63.7506,-68.5145,4.85,100,100,3.09,CA,1689890281
30,badger,64.8,-147.5333,20.63,87,100,2.06,US,1689890281
31,blackmans bay,-43.0167,147.3167,3.62,87,22,2.75,AU,1689890281
32,isafjordur,66.0755,-23.124,11.13,74,34,0.65,IS,1689890282
33,barcelos,41.5388,-8.6151,18.84,95,1,1.47,PT,1689890282
34,egilsstadir,65.2653,-14.3948,4.95,93,100,4.12,IS,1689890282
35,padang,-0.9492,100.3543,23.03,87,100,0.55,ID,1689890283
36,el calafate,-50.3408,-72.2768,2.14,99,100,0.71,AR,1689890283
37,cockburn town,21.4612,-71.1419,28.09,80,99,9.06,TC,1689890283
38,nova sintra,14.8667,-24.7167,23.87,80,23,2.41,CV,1689890284
39,talnakh,69.4865,88.3972,17.34,95,64,3.08,RU,1689890284
40,berdigestyakh,62.0989,126.6992,13.41,92,100,2.25,RU,1689890285
41,hasaki,35.7333,140.8333,26.28,83,1,4.81,JP,1689890285
42,levuka,50.1834,-105.4011,26.84,34,40,1.54,CA,1689890285
43,gadwal,16.2333,77.8,23.97,82,100,7.06,IN,1689890286
44,thompson,55.7435,-97.8558,27.09,26,40,5.14,CA,1689890286
45,puerto natales,-51.7236,-72.4875,0.28,97,100,3.31,CL,1689890286
46,olonkinbyen,70.9221,-8.7187,5.61,82,100,0.96,SJ,1689890287
47,cururupu,-1.8283,-44.8683,24.05,89,47,1.38,BR,1689890287
48,ilulissat,69.2167,-51.1,5.73,92,98,3.41,GL,1689890288
49,hammerfest,70.6634,23.6821,8.25,93,75,3.6,NO,1689890288
50,mugia,43.1041,-9.2179,18.84,85,0,1.31,ES,1689890288
51,hithadhoo,-0.6,73.0833,28.16,74,22,8.16,MV,1689890288
52,ribeira grande,38.5167,-28.7,22.22,88,40,2.68,PT,1689890289
53,west island,-12.1568,96.8225,24.99,73,75,8.75,CC,1689890289
54,nar'yan-mar,67.6713,53.087,10.79,92,100,6.03,RU,1689890289
55,hadibu,12.65,54.0333,25.09,81,78,9.13,YE,1689890290
56,malango,-2.9627,119.9001,18.62,98,86,0.57,ID,1689890290
57,yellowknife,62.456,-114.3525,28.29,32,100,4.12,CA,1689890290
58,kirakira,-10.4544,161.9205,27.47,83,100,1.79,SB,1689890291
59,puerto ayora,-0.7393,-90.3518,30.98,91,49,3.58,EC,1689890150
60,ust-nera,64.5667,143.2,25.99,38,71,2.58,RU,1689890291
61,chibougamau,49.9168,-74.3659,19.79,73,100,2.36,CA,1689890292
62,yarmouth,41.7057,-70.2286,27.08,75,0,3.09,US,1689890292
63,suwayr,30.1171,40.3893,34.52,13,0,5.45,SA,1689890292
64,queenstown,-31.8976,26.8753,3.85,80,100,3.93,ZA,1689890293
65,as sulayyil,20.4607,45.5779,36.14,9,93,2.14,SA,1689890293
66,miquelon,47.0975,-56.3814,18.0,100,100,6.36,PM,1689890293
67,vadso,70.0744,29.7487,9.49,93,75,8.23,NO,1689890293
68,bethel,41.3712,-73.414,28.62,64,0,3.09,US,1689890294
69,chonchi,-42.6128,-73.8092,11.56,82,55,3.96,CL,1689890294
70,colonia,50.9333,6.95,18.31,77,0,3.6,DE,1689890294
71,salaqi,40.5414,110.5108,17.51,87,77,1.58,CN,1689890295
72,baley,51.6,116.6333,14.3,57,10,0.51,RU,1689890295
73,trenton,40.217,-74.7429,30.04,63,20,4.63,US,1689890098
74,chai badan,15.2,101.1333,24.83,85,100,1.44,TH,1689890296
75,aba,5.1066,7.3667,24.79,95,100,1.9,NG,1689890074
76,fada,9.5667,8.3,20.61,97,94,0.78,NG,1689890297
77,jwaneng,-24.6004,24.7303,11.87,67,6,9.56,BW,1689890297
78,tiksi,71.6872,128.8694,7.23,64,44,6.99,RU,1689890298
79,qamdo,31.1667,97.2333,1.77,81,16,2.2,CN,1689890298
80,greenville,35.6127,-77.3663,32.09,71,40,0.0,US,1689889479
81,bilibino,68.0546,166.4372,18.27,56,71,1.38,RU,1689890299
82,qaqortoq,60.7167,-46.0333,7.78,98,100,1.21,GL,1689890299
83,khovd,48.0056,91.6419,21.78,39,100,5.54,MN,1689890299
84,college,64.8569,-147.8028,20.67,91,100,2.06,US,1689890300
85,adamstown,-25.066,-130.1015,22.3,86,100,17.86,PN,1689890300
86,uturoa,-16.7333,-151.4333,24.44,64,12,8.24,PF,1689890301
87,ambon,-3.6954,128.1814,29.02,60,40,3.09,ID,1689890303
88,mahanoro,-19.9,48.8,20.24,89,57,1.67,MG,1689890305
89,hawaiian paradise park,19.5933,-154.9731,26.69,81,100,2.06,US,1689890306
90,morehead city,34.7229,-76.726,33.01,81,40,5.66,US,1689890036
91,heroica guaymas,27.9333,-110.9,41.05,43,0,5.26,MX,1689890308
92,cambria,35.5641,-121.0808,39.58,57,24,4.29,US,1689890308
93,petropavlovsk-kamchatsky,53.0452,158.6483,12.33,100,75,1.0,RU,1689890309
94,stanley,54.868,-1.6985,12.06,92,0,1.03,GB,1689890309
95,santana,-0.0583,-51.1817,27.1,83,75,7.72,BR,1689890309
96,rongelap,11.1635,166.8941,28.68,81,98,8.16,MH,1689890309
97,shimo-furano,43.35,142.3833,20.22,85,6,0.5,JP,1689890310
98,al bawiti,28.3492,28.8659,30.19,23,0,3.77,EG,1689890310
99,zhezqazghan,47.7833,67.7667,27.55,28,93,2.04,KZ,1689890311
100,taos,36.4072,-105.5731,31.97,21,0,9.77,US,1689890311
101,karratha,-20.7377,116.8463,17.82,45,2,6.22,AU,1689890311
102,whangarei,-35.7317,174.3239,12.31,92,46,1.17,NZ,1689890202
103,whitehorse,60.7161,-135.0538,25.05,36,75,3.6,CA,1689890312
104,kozova,49.4354,25.1509,13.76,90,12,2.5,UA,1689890312
105,constantia,44.1833,28.65,21.5,82,90,3.24,RO,1689890129
106,alta sierra,35.7291,-118.5495,32.28,22,1,4.51,US,1689890313
107,nelson,-41.2833,173.2833,7.66,64,96,3.96,NZ,1689890313
108,tolanaro,-25.0319,46.9987,20.04,88,40,2.06,MG,1689890314
109,lusambo,-4.9667,23.45,22.5,40,46,0.61,CD,1689890314
110,wailua homesteads,22.0669,-159.378,29.44,68,40,7.72,US,1689890314
111,alice springs,-23.7,133.8833,7.75,81,0,3.09,AU,1689890314
112,venice,27.0998,-82.4543,34.47,67,0,5.14,US,1689890315
113,rong'an,26.1247,119.1214,26.18,96,98,0.44,CN,1689890315
114,greymouth,-42.4667,171.2,6.68,73,82,7.51,NZ,1689890315
115,nguigmi,14.2495,13.1092,28.81,60,35,4.57,NE,1689890315
116,kidal,18.4411,1.4078,32.82,39,60,7.29,ML,1689890316
117,manta,-0.95,-80.7333,28.88,78,75,6.26,EC,1689890316
118,san patricio,28.017,-97.5169,37.4,42,4,7.29,US,1689890316
119,huron,41.1501,-82.5499,28.69,94,89,5.48,US,1689890316
120,long ashton,51.43,-2.661,16.36,77,40,1.54,GB,1689890317
121,punta arenas,-53.15,-70.9167,0.7,74,100,7.79,CL,1689889771
122,tual,-5.6667,132.75,26.39,79,12,7.72,ID,1689890317
123,tianchang,37.9981,114.0156,22.31,93,99,0.78,CN,1689890318
124,crane,31.3974,-102.3501,37.95,17,100,7.97,US,1689890318
125,lompoc,34.6391,-120.4579,34.88,74,40,4.12,US,1689890318
126,nishinoomote,30.7333,131.0,26.99,81,100,2.56,JP,1689890318
127,miyako,39.6367,141.9525,20.13,89,46,1.11,JP,1689890318
128,kazaure,12.6513,8.4162,25.98,75,87,8.78,NG,1689890319
129,waldmunchen,49.3786,12.7042,16.29,69,56,1.22,DE,1689890319
130,quang ngai,15.1167,108.8,25.06,91,63,1.21,VN,1689890319
131,staraya vichuga,57.2683,41.8787,11.99,92,58,5.11,RU,1689890320
132,longyearbyen,78.2186,15.6401,10.91,71,20,8.23,SJ,1689890320
133,revda,56.801,59.9303,12.77,85,57,3.12,RU,1689890320
134,enewetak,11.3474,162.3373,28.57,79,79,6.26,MH,1689890320
135,mount gambier,-37.8333,140.7667,8.36,77,98,1.45,AU,1689890321
136,gemena,3.25,19.7667,23.24,81,83,0.21,CD,1689890321
137,arraial do cabo,-22.9661,-42.0278,20.92,68,75,4.63,BR,1689890321
138,opuwo,-18.0607,13.84,14.02,32,0,2.22,NA,1689890322
139,cherepovets,59.1333,37.9,13.9,88,20,2.0,RU,1689890261
140,nyakahanga,-1.6033,31.1414,16.43,47,3,1.38,TZ,1689890322
141,san antonio de pale,-1.4014,5.6325,23.73,79,49,4.81,GQ,1689890322
142,faversham,51.3148,0.8886,16.66,89,88,0.35,GB,1689890323
143,thinadhoo,0.5333,72.9333,27.85,77,78,6.83,MV,1689890323
144,la passe,45.5549,-0.8967,18.13,79,72,4.85,FR,1689890323
145,fisterra,42.9049,-9.2629,18.75,86,0,2.04,ES,1689890323
146,richards bay,-28.783,32.0377,14.15,78,100,3.75,ZA,1689890324
147,rexburg,43.826,-111.7897,31.73,26,0,2.06,US,1689890281
148,marka,1.7159,44.7717,24.78,88,77,7.36,SO,1689890324
149,juneau,58.3019,-134.4197,20.06,89,75,4.12,US,1689890325
150,salamanca,40.8333,-6.0,18.36,55,1,4.68,ES,1689890304
151,balakhta,55.38,91.6,13.32,86,98,0.43,RU,1689890325
152,port alfred,-33.5906,26.891,12.21,59,47,7.15,ZA,1689890326
153,zhelezinka,53.54,75.3072,19.49,61,31,3.6,KZ,1689890326
154,aromashevo,56.8602,68.6375,15.88,90,23,3.09,RU,1689890327
155,sao joao da barra,-21.6403,-41.0511,20.05,73,95,5.09,BR,1689890327
156,iskateley,67.6803,53.1512,10.72,92,100,5.98,RU,1689890327
157,xinyang,32.1228,114.0656,25.27,96,99,1.68,CN,1689890247
158,al kharijah,25.4514,30.5464,33.65,16,0,3.54,EG,1689890328
159,debre tabor,11.85,38.0167,12.05,88,100,0.35,ET,1689890328
160,antonio enes,-16.2325,39.9086,23.79,75,0,6.06,MZ,1689890329
161,sovetskaya gavan',48.9723,140.2878,20.35,85,26,2.42,RU,1689890329
162,kailua-kona,19.6406,-155.9956,28.61,85,100,5.66,US,1689890060
163,sitka,57.0531,-135.33,16.94,72,75,2.06,US,1689890099
164,palmer,42.1584,-72.3287,30.29,44,20,4.12,US,1689890330
165,saint-philippe,-21.3585,55.7679,20.77,78,23,2.3,RE,1689890330
166,igarka,67.4667,86.5833,16.09,97,100,5.33,RU,1689890330
167,mount pearl,47.5166,-52.7813,27.19,61,40,7.72,CA,1689890331
168,kletskaya,49.3145,43.0584,19.28,55,51,2.45,RU,1689890332
169,morondava,-20.2833,44.2833,21.86,59,0,4.94,MG,1689890332
170,ust'-ilimsk,58.0006,102.6619,15.04,57,7,0.8,RU,1689890332
171,port elizabeth,-33.918,25.5701,12.16,58,40,5.66,ZA,1689890107
172,pirallahi,40.4723,50.333,25.08,63,0,2.73,AZ,1689890333
173,shevchenkove,49.6959,37.1735,16.91,92,91,2.42,UA,1689890334
174,haiku-pauwela,20.9219,-156.3051,29.03,69,75,7.72,US,1689890334
175,lebu,-37.6167,-73.65,12.33,94,100,7.13,CL,1689890334
176,gradiska,45.1411,17.25,21.14,86,24,1.3,BA,1689890335
177,timmins,48.4669,-81.3331,20.9,60,75,1.54,CA,1689890285
178,vilyuysk,63.7553,121.6247,17.8,71,7,2.82,RU,1689890335
179,shiguai,40.7058,110.2856,15.82,90,57,2.53,CN,1689890336
180,villa la angostura,-40.7617,-71.6463,4.96,98,100,2.55,AR,1689890336
181,anadyr,64.75,177.4833,12.28,93,75,3.0,RU,1689890336
182,belyy yar,53.6039,91.3903,20.94,78,0,1.0,RU,1689890336
183,porto novo,6.4965,2.6036,26.9,85,96,3.84,BJ,1689890337
184,castillos,-34.1667,-53.8333,13.11,88,99,4.14,UY,1689890337
185,nantong,32.0303,120.8747,27.21,90,100,1.3,CN,1689890337
186,nuuk,64.1835,-51.7216,7.42,100,100,3.4,GL,1689890338
187,makokou,0.5738,12.8642,23.52,75,95,1.11,GA,1689890338
188,bengkulu,-3.8004,102.2655,23.56,90,93,2.05,ID,1689890281
189,port saint john's,-31.6229,29.5448,12.82,65,88,2.8,ZA,1689890338
190,mweka,-4.85,21.5667,23.41,40,2,0.56,CD,1689890339
191,santa ponsa,39.5087,2.4766,28.34,78,73,3.12,ES,1689890339
192,takhatgarh,25.3333,73.0,30.86,70,77,1.94,IN,1689890339
193,okhotsk,59.3833,143.3,15.53,80,36,2.35,RU,1689890339
194,saldanha,-33.0117,17.9442,7.03,67,0,5.58,ZA,1689890340
195,tawau,4.2498,117.8871,25.07,94,87,5.36,MY,1689890340
196,brezina,33.0989,1.2608,33.62,10,32,3.47,DZ,1689890340
197,st. john's,47.5649,-52.7093,27.66,61,40,7.72,CA,1689890194
198,tura,25.5198,90.2201,23.22,97,100,1.29,IN,1689890341
199,karak city,31.1637,35.762,24.31,29,0,2.23,JO,1689890341
200,ancud,-41.8697,-73.8203,10.68,89,59,8.43,CL,1689890341
201,colonia menno,-22.3667,-59.8167,25.91,37,87,4.01,PY,1689890342
202,jamestown,42.097,-79.2353,26.77,65,75,2.57,US,1689890342
203,iskitim,54.6366,83.3045,16.02,95,100,2.05,RU,1689890342
204,saint-francois,46.4154,3.9054,19.69,64,0,0.0,FR,1689890343
205,happy valley-goose bay,53.3168,-60.3315,23.17,46,75,2.57,CA,1689890343
206,turinsk,58.0458,63.696,14.04,96,24,2.8,RU,1689890343
207,guerrero negro,27.9769,-114.0611,25.04,60,14,8.35,MX,1689890344
208,sucha beskidzka,49.7419,19.5943,16.35,79,55,1.59,PL,1689890344
209,berezovyy,51.6667,135.7,25.89,53,60,0.43,RU,1689890344
210,byron bay,-28.65,153.6167,12.06,52,0,2.77,AU,1689890344
211,fort bragg,35.139,-79.006,32.75,62,100,2.06,US,1689890345
212,bentota,6.4254,79.9948,26.69,85,52,5.12,LK,1689890345
213,san julian,21.0167,-102.1667,27.88,26,45,1.09,MX,1689890345
214,kosh-agach,50.0,88.6667,12.87,82,27,1.53,RU,1689890345
215,xianyang,34.3378,108.7026,21.58,100,0,2.0,CN,1689890346
216,port lincoln,-34.7333,135.8667,11.24,66,47,2.89,AU,1689890346
217,semnan,35.5729,53.3971,29.59,37,67,3.46,IR,1689890347
218,kourou,5.1552,-52.6478,25.03,83,12,2.53,GF,1689890347
219,san rafael del sur,11.8485,-86.4384,33.54,55,26,6.7,NI,1689890347
220,khandyga,62.6667,135.6,17.44,93,100,2.01,RU,1689890347
221,basoko,1.2391,23.616,22.6,88,10,0.72,CD,1689890348
222,ulsteinvik,62.3432,5.8487,14.31,91,100,0.89,NO,1689890348
223,mejit,10.2753,170.8646,28.3,82,93,8.56,MH,1689890348
224,kununurra,-15.7667,128.7333,13.99,82,51,1.54,AU,1689890349
225,coquimbo,-29.9533,-71.3436,13.85,94,75,6.69,CL,1689890349
226,broken hill,-31.95,141.4333,5.84,84,2,4.04,AU,1689890110
227,aasiaat,68.7098,-52.8699,4.3,96,98,5.91,GL,1689890350
228,minas de marcona,-15.2119,-75.1103,16.47,67,7,4.49,PE,1689890350
229,ranau,5.9538,116.6641,20.96,97,100,0.47,MY,1689890351
230,jagatsinghapur,20.2667,86.1667,27.2,91,94,1.31,IN,1689890351
231,buryn',51.1991,33.8352,14.69,96,100,1.08,UA,1689890351
232,ambalangoda,6.2355,80.0538,26.61,85,65,5.72,LK,1689890351
233,bellefonte,40.9134,-77.7783,29.34,65,40,3.6,US,1689890242
234,franeker,53.1855,5.5412,16.99,82,100,0.0,NL,1689890352
235,mata-utu,-13.2816,-176.1745,27.93,80,99,4.61,WF,1689890353
236,swift current,50.2834,-107.8014,24.45,43,100,2.06,CA,1689890353
237,alta,69.9689,23.2717,9.59,87,75,5.14,NO,1689890353
238,barra de santo antonio,-9.4047,-35.5072,22.6,74,36,5.64,BR,1689890354
239,tsiombe,-25.3,45.4833,18.9,82,22,4.46,MG,1689890354
240,touros,-5.1989,-35.4608,24.69,71,15,7.02,BR,1689890354
241,belmonte,-15.8631,-38.8828,22.69,78,71,3.9,BR,1689890355
242,mawu,29.5923,107.3139,22.52,99,100,1.35,CN,1689890355
243,cole harbour,44.6724,-63.4751,23.99,84,100,3.6,CA,1689890355
244,rosarito,32.3333,-117.0333,32.02,60,82,5.14,MX,1689890292
245,brookings,44.3114,-96.7984,25.62,57,75,5.14,US,1689890193
246,fort st. john,56.2499,-120.8529,26.94,32,40,1.54,CA,1689890356
247,pokrovsk,48.282,37.1758,17.76,83,100,3.87,UA,1689890357
248,moose jaw,50.4001,-105.5344,27.14,29,40,2.06,CA,1689890357
249,barreirinhas,-2.7469,-42.8264,25.13,78,11,3.3,BR,1689890357
250,smithers,54.7804,-127.1743,30.18,30,40,5.14,CA,1689890082
251,iowa falls,42.5225,-93.2513,26.15,47,40,6.17,US,1689890358
252,jilib,0.4883,42.7854,24.21,84,87,4.15,SO,1689890358
253,muroto-misakicho,33.2833,134.15,26.08,79,100,3.19,JP,1689890358
254,kharar,30.7444,76.6478,29.78,66,95,2.4,IN,1689890339
255,gurupa,-1.405,-51.64,27.67,59,30,1.23,BR,1689890359
256,floro,61.5996,5.0328,11.04,93,100,2.57,NO,1689890359
257,laojunmiao,39.8333,97.7333,19.9,31,25,2.49,CN,1689890360
258,vorgashor,67.5833,63.95,17.13,83,51,2.51,RU,1689890360
259,chinde,26.8418,88.0763,20.62,81,82,1.32,NP,1689890360
260,eagle point,42.4726,-122.8028,35.31,27,0,2.57,US,1689890361
261,demba,-5.51,22.2667,22.42,37,77,0.28,CD,1689890361
262,lincheng,19.9078,109.6858,26.92,90,91,5.12,CN,1689890361
263,safonovo,55.15,33.2167,13.27,74,100,1.8,RU,1689890361
264,mchinji,-13.7984,32.8802,17.21,47,81,1.12,MW,1689890362
265,seminole,28.7086,-81.2081,35.77,58,0,1.54,US,1689890362
266,wewak,-3.5534,143.6268,25.37,87,73,2.64,PG,1689890363
267,fortuna,40.5982,-124.1573,21.07,75,75,5.14,US,1689890133
268,malabar,-33.9667,151.25,13.84,61,75,6.69,AU,1689890363
269,nuku'alofa,-21.1333,-175.2,20.19,94,100,7.2,TO,1689890363
270,bugarama,-2.8706,30.5281,18.98,43,55,1.4,TZ,1689890364
271,lepsy,46.235,78.9456,24.91,30,0,1.27,KZ,1689890364
272,danjiangkou,32.5428,111.5086,25.29,96,80,0.24,CN,1689890364
273,kodiak,57.79,-152.4072,12.73,94,0,2.06,US,1689890365
274,borogontsy,62.6683,131.1683,12.71,99,100,2.98,RU,1689890365
275,aberystwyth,52.4155,-4.0829,9.38,80,14,2.34,GB,1689890365
276,formiga,-20.4644,-45.4264,17.69,71,1,5.04,BR,1689890366
277,olinda,-8.0089,-34.8553,25.85,65,40,5.66,BR,1689890366
278,santa elena de uairen,4.6167,-61.1333,22.48,78,26,2.27,VE,1689890366
279,buka,40.8108,69.1986,23.31,29,49,2.45,UZ,1689890367
280,valparaiso,-33.0393,-71.6273,15.56,80,75,2.06,CL,1689890259
281,scottsboro,34.6723,-86.0341,33.62,100,92,4.37,US,1689890367
282,puerto deseado,-47.7503,-65.8938,8.57,80,100,7.58,AR,1689890367
283,natchitoches,31.7668,-93.1335,39.47,41,0,2.57,US,1689890368
284,kilembe,0.2,30.0,17.44,65,30,1.94,UG,1689890368
285,lasalgaon,20.15,74.2333,22.55,93,100,5.1,IN,1689890368
286,vryburg,-26.9566,24.7284,12.68,58,93,8.26,ZA,1689890369
287,howrah,22.5892,88.3103,28.0,94,75,2.57,IN,1689890370
288,nikel,69.4128,30.222,9.1,94,100,7.67,RU,1689890370
289,marovoay,-16.1,46.6333,23.98,66,100,0.67,MG,1689890370
290,oranjemund,-28.55,16.4333,13.86,43,0,3.74,NA,1689890371
291,kirensk,57.7853,108.1119,14.89,78,9,0.23,RU,1689890371
292,kill devil hills,36.0307,-75.676,30.01,77,0,4.12,US,1689890371
293,itaituba,-4.2761,-55.9836,34.09,49,20,2.06,BR,1689890372
294,camacupa,-12.0167,17.4833,17.19,38,50,1.71,AO,1689890372
295,mount horeb,43.0086,-89.7385,24.41,67,38,4.02,US,1689890372
296,serdar,38.9764,56.2757,27.92,23,0,3.39,TM,1689890373
297,tazacorte,28.629,-17.9293,23.54,93,75,7.72,ES,1689890373
298,el hadjira,32.6134,5.5126,38.67,10,0,4.09,DZ,1689890373
299,nova vicosa,-17.8919,-39.3719,22.57,85,99,7.15,BR,1689890373
300,bestobe,52.4994,73.0975,20.46,58,16,4.23,KZ,1689890374
301,ialibu,-6.2821,143.9935,14.11,94,89,0.71,PG,1689890374
302,sarangani,5.4033,125.4636,28.4,73,29,4.31,PH,1689890374
303,mersing,2.4312,103.8405,23.95,100,20,2.06,MY,1689890374
304,aracuai,-16.8497,-42.0703,20.75,81,96,2.31,BR,1689890375
305,afaahiti,-17.75,-149.2833,24.93,64,18,7.96,PF,1689890375
306,galliano,29.4422,-90.2992,37.78,52,40,3.6,US,1689890376
307,polyarnyy,69.1989,33.4478,8.51,89,100,6.28,RU,1689890376
308,labytnangi,66.6572,66.4183,16.68,92,75,1.37,RU,1689890377
309,puerto quijarro,-17.7833,-57.7667,27.14,38,0,0.94,BO,1689890377
310,puerto baquerizo moreno,-0.9,-89.6,27.55,74,20,4.12,EC,1689890378
311,chatham,51.3789,0.5279,18.01,74,89,0.45,GB,1689890378
312,zaysan,47.4667,84.8667,20.51,50,0,3.48,KZ,1689890378
313,chernyshevskiy,63.0128,112.4714,16.54,76,99,1.07,RU,1689890378
314,kupang,-10.1667,123.5833,24.26,73,9,5.63,ID,1689890379
315,ugoofaaru,5.6667,73.0,28.5,76,100,7.47,MV,1689890379
316,menongue,-14.6585,17.691,15.44,37,85,1.78,AO,1689890379
317,ola,59.5833,151.2833,15.69,79,17,1.91,RU,1689890379
318,palu,-0.8917,119.8707,24.08,95,80,1.29,ID,1689890380
319,utrik,11.2278,169.8474,28.51,79,65,8.68,MH,1689890380
320,winnemucca,40.973,-117.7357,35.39,13,1,3.48,US,1689890380
321,zaozersk,69.4005,32.4476,8.37,92,100,6.8,RU,1689890381
322,pisco,-13.7,-76.2167,21.03,73,0,5.14,PE,1689890381
323,vilyuchinsk,52.9306,158.4028,13.15,95,100,0.92,RU,1689890381
324,enoch,37.7733,-113.0244,33.97,27,5,0.89,US,1689890382
325,susuman,62.7833,148.1667,22.93,51,9,2.4,RU,1689890382
326,yuzhno-kurilsk,44.0306,145.8556,15.0,90,23,3.17,RU,1689890382
327,keflavik,64.0049,-22.5624,11.95,93,75,2.06,IS,1689890383
328,tokar,18.4254,37.729,33.48,38,61,2.89,SD,1689890383
329,saint-joseph,-21.3667,55.6167,20.82,72,12,1.73,RE,1689890383
330,torghay,49.6339,63.4981,20.56,66,41,3.01,KZ,1689890383
331,tancitaro,19.3333,-102.3667,23.51,50,91,1.83,MX,1689890384
332,trairi,-3.2778,-39.2689,25.49,71,1,5.94,BR,1689890384
333,lobito,-12.3481,13.5456,19.42,83,39,2.1,AO,1689890385
334,koundara,12.4833,-13.3,25.28,94,100,1.64,GN,1689890385
335,hermanus,-34.4187,19.2345,9.33,79,0,3.93,ZA,1689890385
336,kabala,9.5833,-11.55,22.11,98,100,2.2,SL,1689890385
337,lihue,21.9789,-159.3672,29.77,66,40,7.72,US,1689890157
338,yashkul',46.1711,45.3435,23.27,35,0,3.48,RU,1689890386
339,juan griego,11.0817,-63.9655,28.19,75,2,6.65,VE,1689890386
340,cafayate,-26.073,-65.9761,20.17,22,43,2.13,AR,1689890386
341,lensk,60.7253,114.9278,15.22,86,92,2.04,RU,1689890387
342,saint-pierre,-21.3393,55.4781,21.43,73,0,3.09,RE,1689890387
343,tazovsky,67.4667,78.7,16.74,74,67,4.25,RU,1689890387
344,arkhangel'sk,64.5401,40.5433,14.93,96,63,3.79,RU,1689890387
345,cuautepec de hinojosa,20.0333,-98.3,20.24,62,10,6.33,MX,1689890247
346,sinan,34.8262,126.1086,23.06,88,5,3.81,KR,1689890388
347,dwarka,22.2394,68.9678,27.9,85,100,6.41,IN,1689890388
348,vrede,-27.4257,29.1659,3.25,93,100,3.42,ZA,1689890388
349,lorengau,-2.0226,147.2712,28.08,78,26,4.02,PG,1689890388
350,yung shue wan,22.2333,114.1167,28.15,85,100,1.49,HK,1689890389
351,al qitena,14.8648,32.3668,33.88,36,96,5.78,SD,1689890389
352,turochak,52.2576,87.1224,15.21,98,56,1.06,RU,1689890389
353,stephenville,32.2207,-98.2023,40.64,18,0,3.09,US,1689890116
354,klyuchi,52.2667,79.1667,19.73,61,31,3.18,RU,1689890390
355,chardara,41.2547,67.9692,25.97,33,0,6.23,KZ,1689890390
356,itoman,26.1247,127.6694,28.01,86,75,1.54,JP,1689890390
357,karatas,36.582,35.3701,27.08,78,0,3.92,TR,1689890390
358,san pedro,14.35,121.0167,27.57,89,75,1.54,PH,1689890391
359,lubang,13.8584,120.124,28.7,74,100,4.93,PH,1689890391
360,luderitz,-26.6481,15.1594,14.81,48,0,3.16,NA,1689890391
361,langzhong,31.5504,105.9938,23.55,96,96,1.35,CN,1689890391
362,narrabri,-30.3167,149.7833,8.07,68,26,1.31,AU,1689890392
363,aqsay,51.1678,52.995,17.14,58,33,3.67,KZ,1689890392
364,crotone,39.0851,17.1178,28.84,45,0,2.78,IT,1689890393
365,mocorito,25.4833,-107.9167,36.23,43,29,5.46,MX,1689890393
366,suva,-18.1416,178.4415,23.71,94,75,3.6,FJ,1689890393
367,lukow,51.929,22.3796,11.07,83,37,2.9,PL,1689890393
368,tamanrasset,22.785,5.5228,30.95,11,0,2.57,DZ,1689890394
369,tayu,-6.5397,111.0518,22.4,85,5,3.99,ID,1689890394
370,mandera,3.9366,41.867,28.04,52,100,10.45,KE,1689890394
371,tralee,52.2704,-9.7026,11.5,88,28,2.93,IE,1689890394
372,labrador city,52.9463,-66.9114,16.95,63,100,2.57,CA,1689890395
373,bulawayo,-20.15,28.5833,10.8,81,70,8.11,ZW,1689890395
374,kyren,51.6828,102.1408,12.81,95,44,0.67,RU,1689890395
375,guglingen,49.0697,8.9944,20.94,54,100,1.62,DE,1689890396
376,turpan,42.9333,89.1667,34.3,24,91,1.25,CN,1689890396
377,rikaze,29.25,88.8833,14.66,47,31,1.6,CN,1689890396
378,madalena,41.2162,-8.3345,18.08,88,4,1.18,PT,1689890397
379,cloquet,46.7216,-92.4594,24.38,57,0,3.6,US,1689890397
380,sungai penuh,-2.0833,101.3833,16.83,95,100,0.44,ID,1689890397
381,gizo,-8.103,156.8419,27.09,85,100,7.45,SB,1689890398
382,gisborne,-38.6533,178.0042,12.57,89,100,8.1,NZ,1689890398
383,broome,42.2506,-75.833,29.25,60,96,4.02,US,1689890398
384,mahibadhoo,3.7833,72.9667,27.58,78,98,4.03,MV,1689890399
385,sampit,-2.5333,112.95,23.13,99,100,1.1,ID,1689890399
386,trinity beach,-16.7888,145.6968,21.67,88,100,4.63,AU,1689890400
387,wakkanai,45.4094,141.6739,21.72,88,7,1.34,JP,1689890400
388,kralendijk,12.15,-68.2667,30.99,66,20,9.26,BQ,1689890401
389,umea,63.8284,20.2597,13.96,94,0,2.57,SE,1689890403
390,winnipeg,49.8844,-97.147,28.34,43,40,4.12,CA,1689889791
391,enriquillo,17.9,-71.2333,33.82,67,0,3.53,DO,1689890406
392,tamarin,-20.3256,57.3706,20.29,72,6,3.21,MU,1689890408
393,brisas de zicatela,15.8369,-97.0419,34.39,49,2,3.32,MX,1689890409
394,marquette,46.5333,-87.6335,15.99,96,88,3.13,US,1689890411
395,barrouallie,13.2333,-61.2667,27.79,74,20,5.66,VC,1689890411
396,fuyang,32.9,115.8167,24.87,93,100,1.71,CN,1689890412
397,sibolga,1.7427,98.7792,24.28,82,100,1.11,ID,1689890413
398,mirny,62.5353,113.9611,15.69,67,84,1.79,RU,1689890414
399,mhamid,29.82,-5.72,36.05,8,0,2.38,MA,1689890415
400,masuguru,-11.3667,38.4167,22.03,68,11,1.42,TZ,1689890416
401,doka,13.5167,35.7667,24.88,79,83,6.61,SD,1689890416
402,vallenar,-28.5708,-70.7581,16.68,51,100,2.0,CL,1689890418
403,saudarkrokur,65.7461,-19.6394,10.21,78,14,1.58,IS,1689890419
404,dom pedrito,-30.9828,-54.6731,13.98,95,99,3.89,BR,1689890421
405,ceeldheer,3.8488,47.1806,25.04,81,100,10.92,SO,1689890422
406,tangalle,6.024,80.7911,26.09,83,74,3.53,LK,1689890428
407,beau vallon,-20.4189,57.6953,20.12,94,20,1.54,MU,1689890429
408,bathsheba,13.2167,-59.5167,29.34,79,40,5.14,BB,1689890432
409,businga,3.3333,20.8833,23.28,86,37,0.88,CD,1689890357
410,vangaindrano,-23.35,47.6,17.69,96,17,2.08,MG,1689890435
411,manesti,44.8667,25.85,22.86,94,6,2.23,RO,1689890435
412,holualoa,19.6228,-155.9522,29.93,84,47,2.24,US,1689890436
413,papao,-17.75,-149.55,25.82,61,4,8.27,PF,1689890437
414,barkhan,29.8977,69.5256,28.29,67,49,1.67,PK,1689890437
415,bomdila,27.25,92.4,15.77,94,100,1.34,IN,1689890438
416,nandgaon,20.3167,74.65,24.51,86,100,4.72,IN,1689890439
417,natal,-5.795,-35.2094,26.12,69,0,4.63,BR,1689889989
418,kruisfontein,-34.0033,24.7314,7.16,66,2,5.49,ZA,1689890439
419,peniche,39.3558,-9.3811,19.6,87,0,5.98,PT,1689890440
420,antsiranana,-12.2787,49.2917,24.31,77,100,4.98,MG,1689890440
421,brandon,27.9378,-82.2859,35.08,69,40,4.92,US,1689890440
422,newark,40.7357,-74.1724,29.55,50,75,3.6,US,1689890317
423,ghanzi,-21.5667,21.7833,13.53,27,3,4.52,BW,1689890441
424,auki,-8.7676,160.7034,27.33,80,50,3.85,SB,1689890442
425,laboulaye,-34.1266,-63.3912,16.69,49,97,6.75,AR,1689890442
426,xilin hot,43.9667,116.0333,18.79,72,77,4.09,CN,1689890442
427,jijel,36.8205,5.7667,26.97,74,20,2.06,DZ,1689890443
428,dudinka,69.4058,86.1778,17.57,98,64,4.61,RU,1689890443
429,tadine,-21.55,167.8833,21.17,62,2,7.62,NC,1689890443
430,soc trang,9.6033,105.98,24.45,92,89,4.23,VN,1689890443
431,prince george,53.9166,-122.753,31.81,31,0,4.12,CA,1689890097
432,novaya igirma,57.1334,103.9112,14.03,70,3,0.67,RU,1689890444
433,cidreira,-30.1811,-50.2056,16.76,90,100,3.55,BR,1689890444
434,villa gesell,-37.2639,-56.973,10.59,90,5,5.97,AR,1689890416
435,pemba,-12.974,40.5178,24.39,83,20,6.26,MZ,1689890445
436,cabo san lucas,22.8909,-109.9124,37.56,61,24,6.15,MX,1689890313
437,prince rupert,54.3161,-130.3201,17.05,89,0,2.06,CA,1689890435
438,remire-montjoly,4.9167,-52.2667,25.02,88,0,0.0,GF,1689890334
439,vila do maio,15.1333,-23.2167,27.44,80,52,2.73,CV,1689890446
440,karambakkudi,10.4667,79.1333,29.66,47,100,7.93,IN,1689890446
441,geraldton,-28.7667,114.6,5.23,93,0,5.14,AU,1689890447
442,awjilah,29.1081,21.2869,29.47,48,0,6.06,LY,1689890447
443,santa marta,11.2408,-74.199,35.03,46,20,5.14,CO,1689890447
444,lewiston orchards,46.3804,-116.9754,39.28,13,0,2.48,US,1689890448
445,kaa-khem,51.6833,94.7333,19.04,41,100,2.47,RU,1689890448
446,lazaro cardenas,17.9583,-102.2,31.26,66,86,5.28,MX,1689890448
447,kapuskasing,49.4169,-82.4331,23.05,56,75,1.54,CA,1689890222
448,kotido,2.9806,34.1331,21.3,68,79,0.74,UG,1689890449
449,north saint paul,45.0125,-92.9919,25.9,58,75,4.63,US,1689890449
450,tarnogskiy gorodok,60.4997,43.5761,13.48,97,100,4.8,RU,1689890450
451,kenai,60.5544,-151.2583,15.08,87,100,3.09,US,1689890450
452,turkmenbasy,40.0222,52.9552,27.43,34,0,4.12,TM,1689890451
453,sola,-13.8833,167.55,25.5,83,98,9.61,VU,1689890451
454,nurabad,34.0734,47.9725,21.47,13,0,1.11,IR,1689890451
455,pacific grove,36.6177,-121.9166,26.88,83,20,4.47,US,1689890286
456,cedar city,37.6775,-113.0619,32.81,28,5,1.34,US,1689890452
457,yeed,4.55,43.0333,27.41,51,100,10.61,SO,1689890453
458,blagodatnoye,45.3997,42.5867,20.51,44,0,2.96,RU,1689890453
459,shahritus,37.2637,68.1385,28.4,24,0,2.75,TJ,1689890454
460,las lajitas,-24.6833,-64.25,17.14,60,100,2.19,AR,1689890454
461,ascension,30.2169,-90.9001,36.72,50,0,0.0,US,1689890454
462,boleslawiec,51.2642,15.5697,16.89,63,72,2.0,PL,1689890455
463,jieyang,23.5289,116.3642,26.96,95,100,0.58,CN,1689890420
464,ust'-kulom,61.6864,53.6902,12.98,98,24,1.97,RU,1689890455
465,mermoz boabab,14.7065,-17.4758,27.88,83,20,5.14,SN,1689890455
466,zeya,53.75,127.2667,15.32,84,6,1.23,RU,1689890433
467,fethiye,36.6217,29.1164,23.93,31,0,2.14,TR,1689890456
468,arkhara,49.4212,130.0842,19.66,93,42,2.8,RU,1689890456
469,urangan,-25.3,152.9,15.55,75,0,4.03,AU,1689890456
470,pljevlja,43.3333,19.3333,16.79,97,0,1.0,ME,1689890457
471,bontang,0.1333,117.5,23.85,92,98,5.5,ID,1689890457
472,prachuap khiri khan,12.2167,99.75,22.32,89,100,3.85,TH,1689890457
473,hauterive,46.0901,3.4459,22.42,55,93,0.3,FR,1689890458
474,gidole,5.65,37.3667,15.21,79,100,0.75,ET,1689890458
475,margate,51.3813,1.3862,16.5,90,92,0.89,GB,1689890458
476,taoudenni,22.6783,-3.9836,38.64,8,2,1.61,ML,1689890459
477,twon-brass,4.3151,6.2418,24.92,90,100,2.61,NG,1689890459
478,vila franca do campo,37.7167,-25.4333,21.23,75,100,0.06,PT,1689890459
479,portland,45.5234,-122.6762,32.49,41,20,2.24,US,1689889771
480,brokopondo,4.75,-55.1667,28.54,65,95,0.84,SR,1689890460
481,amos,48.5669,-78.1162,17.11,88,100,1.09,CA,1689890410
482,shenkursk,62.1091,42.896,16.16,98,100,2.82,RU,1689890460
483,leava,-14.3,-178.1667,27.81,79,76,4.72,WF,1689890461
484,cedeira,43.6797,-8.0209,18.54,85,0,0.78,ES,1689890461
485,praia,14.9215,-23.5087,27.3,78,75,5.14,CV,1689890461
486,al jabin,14.704,43.599,21.23,32,100,0.41,YE,1689890462
487,chela,34.069,104.4619,9.89,91,0,2.44,CN,1689890462
488,horta,38.5333,-28.6333,21.8,93,40,2.68,PT,1689890462
489,sanctuary point,-35.1114,150.629,13.75,67,28,3.51,AU,1689890463
490,passos,-20.7189,-46.6097,21.07,56,46,3.52,BR,1689890315
491,praia da vitoria,38.7333,-27.0667,22.14,94,20,2.61,PT,1689890463
492,sisimiut,66.9395,-53.6735,9.01,97,100,1.46,GL,1689890464
493,lere,10.387,8.5726,21.73,94,97,1.95,NG,1689890464
494,kristiansund,63.1115,7.732,13.36,82,100,1.54,NO,1689890464
495,harper,4.375,-7.7169,24.85,85,68,4.92,LR,1689890465
496,boyolangu,-8.1181,111.8935,20.77,94,47,0.6,ID,1689890465
497,bardai,11.65,7.2333,24.58,80,100,3.19,NG,1689890466
498,city of balikpapan,-1.242,116.8942,24.97,100,75,3.09,ID,1689890466
499,batticaloa,7.7102,81.6924,27.4,64,70,4.38,LK,1689890466
500,northam,51.0333,-4.2167,15.9,72,56,4.04,GB,1689890467
501,carnarvon,-24.8667,113.6333,12.43,47,1,8.08,AU,1689890467
502,gebeit,21.0667,36.3167,30.85,18,58,1.75,SD,1689890468
503,mtwara,-10.2667,40.1833,22.6,88,0,4.5,TZ,1689890468
504,port blair,11.6667,92.75,26.02,94,100,1.03,IN,1689890468
505,darwin,-12.4611,130.8418,20.99,73,0,3.09,AU,1689890469
506,ivankiv,50.9386,29.8943,13.51,96,2,3.68,UA,1689890470
507,dedougou,12.4667,-3.4667,29.54,56,56,4.29,BF,1689890470
508,pahrump,36.2083,-115.9839,42.51,13,2,3.58,US,1689890293
509,molde,62.7375,7.1591,13.73,82,75,1.03,NO,1689890470
510,solleftea,63.1667,17.2667,11.92,98,100,1.66,SE,1689890471
511,hirara,24.8,125.2833,26.15,89,75,2.06,JP,1689890471
512,puerto armuelles,8.2833,-82.8667,32.99,73,94,3.13,PA,1689890471
513,noumea,-22.2763,166.4572,21.67,99,89,3.78,NC,1689889815
514,magdalena de kino,30.6333,-110.95,42.23,15,6,6.26,MX,1689890472
515,parambu,-6.2111,-40.6944,23.23,41,51,1.89,BR,1689890473
516,ust'-charyshskaya pristan',52.3934,83.6635,15.24,92,51,2.0,RU,1689890473
517,prineville,44.2999,-120.8345,36.39,19,0,3.09,US,1689890473
518,princeville,45.7668,-61.2985,24.8,85,0,3.09,CA,1689890474
519,campoverde,-8.4753,-74.8058,29.83,74,97,1.35,PE,1689890474
520,ketchikan,55.3422,-131.6461,16.99,73,100,1.55,US,1689890474
521,vernon,50.2581,-119.2691,38.85,17,0,1.54,CA,1689890344
522,kananga,-5.8958,22.4178,22.57,35,28,1.07,CD,1689890475
523,zima,53.9202,102.0442,12.18,71,10,1.48,RU,1689890475
524,carutapera,-1.195,-46.02,24.14,92,7,2.41,BR,1689890476
525,patacamaya,-17.2333,-67.9167,12.05,38,0,4.47,BO,1689890476
526,zhalantun,48.0,122.7167,18.44,60,100,2.68,CN,1689890476
527,taro,-8.3862,115.28,20.0,86,44,0.84,ID,1689890477
528,vetlanda,57.4289,15.0776,13.92,94,49,4.05,SE,1689890477
529,cidade velha,14.9167,-23.6167,27.26,74,40,2.06,CV,1689890478
530,sinabang,2.4803,96.3801,25.53,83,100,1.68,ID,1689890478
531,daru,-9.0763,143.2092,25.2,76,95,4.94,PG,1689890478
532,ishqoshim,36.7248,71.6133,17.49,67,69,2.19,TJ,1689890479
533,dayr al balah,31.4166,34.3452,27.67,62,0,2.18,PS,1689890479
534,puerto tirol,-27.3722,-59.0821,24.04,64,40,4.63,AR,1689890479
535,buinsk,54.95,48.2833,13.73,88,5,4.88,RU,1689890480
536,gracemere,-23.4333,150.45,19.1,82,100,1.54,AU,1689890480
537,hobyo,5.3505,48.5268,25.27,83,97,12.47,SO,1689890480
538,aquiraz,-3.9014,-38.3911,27.05,80,3,5.26,BR,1689890481
539,amguri,26.8,94.5333,25.77,95,100,1.4,IN,1689890481
540,dunedin,-45.8742,170.5036,7.67,56,19,4.47,NZ,1689890481
541,punta del este,-34.9667,-54.95,14.42,83,0,2.68,UY,1689890481
542,muang phonsavan,19.45,103.2167,19.67,99,98,0.76,LA,1689890482
543,souillac,-20.5167,57.5167,18.21,94,20,1.54,MU,1689890482
544,altai,46.3722,96.2583,17.36,28,67,2.6,MN,1689890482
545,el granada,37.5027,-122.4694,34.4,64,20,8.23,US,1689890483
546,bel ombre,-4.6167,55.4167,25.91,83,40,7.2,SC,1689890483
547,undurkhaan,47.3194,110.6556,14.56,78,100,4.24,MN,1689890483
548,gaspe,48.8334,-64.4819,21.12,64,20,4.12,CA,1689890222
549,kavaratti,10.5669,72.642,28.19,79,100,9.14,IN,1689890484
550,majorna,57.692,11.9161,15.05,83,51,4.92,SE,1689890484
551,newnan,33.3807,-84.7997,34.43,55,40,2.57,US,1689890415
552,itamaraca,-7.7478,-34.8256,26.03,81,17,2.79,BR,1689890434
553,bondo,3.8146,23.6866,22.58,87,98,1.09,CD,1689890485
554,garoowe,8.4054,48.4845,25.37,58,82,12.24,SO,1689890485
555,halifax,44.6453,-63.5724,24.27,84,100,3.6,CA,1689889786
556,rustaq,23.3908,57.4244,32.43,49,97,1.05,OM,1689890486
557,camlachie,43.036,-82.1616,18.51,93,75,4.63,CA,1689890486
558,guercif,34.2257,-3.3536,31.11,33,6,0.49,MA,1689890487
559,kulhudhuffushi,6.6221,73.07,28.25,79,100,7.78,MV,1689890487
560,essaouira,31.5125,-9.77,23.72,82,0,5.14,MA,1689890487
561,nieuw amsterdam,5.8833,-55.0833,32.09,66,40,3.09,SR,1689890488
562,majene,-3.5403,118.9707,24.88,90,21,5.29,ID,1689890488
563,koh kong,11.6175,102.9806,25.44,95,100,4.62,KH,1689890488
564,rovaniemi,66.5,25.7167,13.67,94,100,3.09,FI,1689890489
565,gagliano del capo,39.8442,18.3695,27.67,70,0,0.9,IT,1689890489
566,duong dong,10.2167,103.9667,26.0,89,40,7.2,VN,1689890466
567,iwon-up,40.3231,128.6553,23.24,87,58,0.33,KP,1689890490
568,lautoka,-17.6167,177.4667,24.92,83,40,3.09,FJ,1689890040
569,halabjah,35.1778,45.9861,29.68,25,0,2.65,IQ,1689890490
570,hanceville,34.0607,-86.7675,35.5,43,77,3.48,US,1689890491
571,prado,-17.3411,-39.2208,22.03,89,99,6.05,BR,1689890491
572,wainwright,52.839,-110.8572,25.35,42,6,4.03,CA,1689890492
573,fonte boa,-2.4959,-66.2662,27.78,76,77,0.88,BR,1689890492
574,al bukayriyah,26.1442,43.6593,32.87,11,4,3.49,SA,1689890493
575,hualien city,23.9769,121.6044,27.09,81,100,2.2,TW,1689890493
576,roma,43.2128,-75.4557,29.34,44,0,3.6,US,1689890493
577,san luis de la loma,17.2706,-100.8939,32.59,61,36,4.35,MX,1689890493
578,nikolayevsk-on-amure,53.1406,140.73,20.92,80,85,1.31,RU,1689890494
579,inhambane,-23.865,35.3833,19.65,69,100,8.58,MZ,1689890494
580,ad dabbah,18.05,30.95,36.71,14,59,1.87,SD,1689890494
581,quelimane,-17.8786,36.8883,22.97,78,75,2.24,MZ,1689890495
582,manokwari,-0.8667,134.0833,25.93,79,17,2.19,ID,1689890495
583,pangody,65.85,74.4859,19.44,60,54,3.99,RU,1689890496
584,yamada,39.4667,141.95,20.15,89,56,0.91,JP,1689890496
585,danielskuil,-28.1887,23.5395,7.62,40,84,3.99,ZA,1689890496
586,salym,60.0625,71.4789,16.0,98,97,1.59,RU,1689890497
587,songling,31.1933,120.7176,25.76,92,99,1.26,CN,1689890497
588,letlhakeng,-24.0944,25.0298,12.18,70,13,7.38,BW,1689890497
589,mili,6.0815,171.735,28.33,81,98,8.67,MH,1689890503
590,ivdel',60.6911,60.4206,13.84,95,71,1.58,RU,1689890503
